{
  "handyman-bob": {
    "name": "Bob\u2019s Handyman Service",
    "vertical": "handyman",
    "service": "Drywall, small repairs, installs",
    "area": "New Bern, NC",
    "phone": "+12525550123",
    "phone_verified": true,
    "email": "bob@example.com",
    "booking_url": "https://calendly.com/bob/estimate",
    "google_maps_url": "https://www.google.com/maps?q=New%20Bern%2C%20NC",
    "stripe_checkout_url": null,
    "published_by": "jeffreyplewak.com",
    "notes_internal": "Replace demo endpoints before production."
  }
}
