{
  "$schema": "https://json-schema.org/draft/2020-12/schema",
  "type": "object",
  "additionalProperties": false,
  "patternProperties": {
    "^[a-z0-9-]+$": {
      "$ref": "#/$defs/listing"
    }
  },
  "$defs": {
    "listing": {
      "type": "object",
      "additionalProperties": false,
      "required": [
        "name",
        "area",
        "vertical",
        "phone",
        "phone_verified"
      ],
      "properties": {
        "name": {
          "type": "string",
          "minLength": 2,
          "maxLength": 80
        },
        "vertical": {
          "type": "string",
          "enum": [
            "handyman",
            "painter",
            "babysitter",
            "dog-groomer",
            "dog-walker",
            "cleaning",
            "moving",
            "landscaping",
            "other"
          ]
        },
        "service": {
          "type": "string",
          "maxLength": 120
        },
        "area": {
          "type": "string",
          "minLength": 2,
          "maxLength": 80
        },
        "phone": {
          "type": "string",
          "pattern": "^\\+[1-9]\\d{7,14}$"
        },
        "phone_verified": {
          "type": "boolean",
          "const": true
        },
        "email": {
          "type": [
            "string",
            "null"
          ],
          "maxLength": 120
        },
        "booking_url": {
          "type": [
            "string",
            "null"
          ],
          "maxLength": 500
        },
        "google_maps_url": {
          "type": [
            "string",
            "null"
          ],
          "maxLength": 500
        },
        "stripe_checkout_url": {
          "type": [
            "string",
            "null"
          ],
          "maxLength": 500
        },
        "published_by": {
          "type": [
            "string",
            "null"
          ],
          "maxLength": 120
        },
        "notes_internal": {
          "type": [
            "string",
            "null"
          ],
          "maxLength": 500
        }
      },
      "anyOf": [
        {
          "required": [
            "phone"
          ]
        },
        {
          "required": [
            "booking_url"
          ]
        }
      ]
    }
  }
}
